hora,EDN,EDS,algo,clima,temp,UTCtime
17:25,1242,2232,03d,Nubes Dispersas,27,2025-01-06T20:25:00Z
17:30,1242,2232,03d,Nubes Dispersas,27,2025-01-06T20:30:00Z
17:35,1242,2232,02d,Algo De Nubes,27,2025-01-06T20:35:00Z
17:40,1242,1006,02d,Algo De Nubes,27,2025-01-06T20:40:00Z
17:45,1242,1006,02d,Algo De Nubes,27,2025-01-06T20:45:00Z
17:50,1242,1006,02d,Algo De Nubes,27,2025-01-06T20:50:00Z
17:55,681,1007,02d,Algo De Nubes,27,2025-01-06T20:55:00Z
18:00,681,1007,02d,Algo De Nubes,27,2025-01-06T21:00:00Z
18:05,681,1007,02d,Algo De Nubes,27,2025-01-06T21:05:00Z
18:10,684,967,02d,Algo De Nubes,27,2025-01-06T21:10:00Z
18:15,684,967,02d,Algo De Nubes,27,2025-01-06T21:15:00Z
18:20,684,967,01d,Cielo Claro,27,2025-01-06T21:20:00Z
18:25,685,996,01d,Cielo Claro,27,2025-01-06T21:25:00Z
18:30,685,996,01d,Cielo Claro,27,2025-01-06T21:30:00Z
18:35,685,996,01d,Cielo Claro,27,2025-01-06T21:35:00Z
18:40,687,3216,01d,Cielo Claro,27,2025-01-06T21:40:00Z
18:45,687,3216,02d,Algo De Nubes,26,2025-01-06T21:45:00Z
18:50,687,3216,01d,Cielo Claro,26,2025-01-06T21:50:00Z
18:55,696,3216,01d,Cielo Claro,26,2025-01-06T21:55:00Z
19:00,696,3216,01d,Cielo Claro,26,2025-01-06T22:00:00Z
19:05,696,3216,01d,Cielo Claro,26,2025-01-06T22:05:00Z
19:10,730,3135,02d,Algo De Nubes,26,2025-01-06T22:10:00Z
19:15,730,3135,02d,Algo De Nubes,26,2025-01-06T22:15:00Z
19:20,730,3135,02d,Algo De Nubes,26,2025-01-06T22:20:00Z
19:25,527,3130,02d,Algo De Nubes,26,2025-01-06T22:25:00Z
19:30,527,3130,01d,Cielo Claro,25,2025-01-06T22:30:00Z
19:35,527,3130,01d,Cielo Claro,25,2025-01-06T22:35:00Z
19:40,527,3130,01d,Cielo Claro,24,2025-01-06T22:40:00Z
19:45,543,3978,01d,Cielo Claro,24,2025-01-06T22:45:00Z
19:50,543,3978,01d,Cielo Claro,24,2025-01-06T22:50:00Z
19:55,543,3978,01d,Cielo Claro,24,2025-01-06T22:55:00Z
20:00,495,2811,01d,Cielo Claro,24,2025-01-06T23:00:00Z
20:05,495,2811,01d,Cielo Claro,24,2025-01-06T23:05:00Z
20:10,495,2811,02d,Algo De Nubes,24,2025-01-06T23:10:00Z
20:15,504,2811,02d,Algo De Nubes,24,2025-01-06T23:15:00Z
20:20,504,2811,01n,Cielo Claro,23,2025-01-06T23:20:00Z
20:25,504,2811,01n,Cielo Claro,23,2025-01-06T23:25:00Z
20:30,507,371,01n,Cielo Claro,23,2025-01-06T23:30:00Z
20:35,507,371,01n,Cielo Claro,23,2025-01-06T23:35:00Z
20:40,507,371,01n,Cielo Claro,23,2025-01-06T23:40:00Z
20:45,112,364,01n,Cielo Claro,23,2025-01-06T23:45:00Z
20:50,112,364,01n,Cielo Claro,23,2025-01-06T23:50:00Z
20:55,112,364,01n,Cielo Claro,23,2025-01-06T23:55:00Z
21:00,121,332,01n,Cielo Claro,23,2025-01-07T00:00:00Z
21:05,121,332,01n,Cielo Claro,23,2025-01-07T00:05:00Z
21:10,121,332,01n,Cielo Claro,23,2025-01-07T00:10:00Z
21:15,122,332,02n,Algo De Nubes,23,2025-01-07T00:15:00Z
21:20,122,332,01n,Cielo Claro,23,2025-01-07T00:20:00Z
21:25,122,332,01n,Cielo Claro,23,2025-01-07T00:25:00Z
21:30,125,332,01n,Cielo Claro,23,2025-01-07T00:30:00Z
21:35,125,332,01n,Cielo Claro,23,2025-01-07T00:35:00Z
21:40,125,332,01n,Cielo Claro,23,2025-01-07T00:40:00Z
21:45,102,344,01n,Cielo Claro,23,2025-01-07T00:45:00Z
21:50,102,344,01n,Cielo Claro,23,2025-01-07T00:50:00Z
21:55,102,344,01n,Cielo Claro,22,2025-01-07T00:55:00Z
22:00,102,344,01n,Cielo Claro,22,2025-01-07T01:00:00Z
22:05,103,365,01n,Cielo Claro,22,2025-01-07T01:05:00Z
22:10,103,365,01n,Cielo Claro,22,2025-01-07T01:10:00Z
22:15,103,365,01n,Cielo Claro,22,2025-01-07T01:15:00Z
22:20,111,365,01n,Cielo Claro,22,2025-01-07T01:20:00Z
22:25,111,365,01n,Cielo Claro,22,2025-01-07T01:25:00Z
22:30,111,365,01n,Cielo Claro,22,2025-01-07T01:30:00Z
22:35,110,376,01n,Cielo Claro,22,2025-01-07T01:35:00Z
22:40,110,376,01n,Cielo Claro,22,2025-01-07T01:40:00Z
22:45,110,376,01n,Cielo Claro,22,2025-01-07T01:45:00Z
22:50,510,386,01n,Cielo Claro,22,2025-01-07T01:50:00Z
22:55,510,386,01n,Cielo Claro,22,2025-01-07T01:55:00Z
23:00,510,386,01n,Cielo Claro,22,2025-01-07T02:00:00Z
23:05,506,418,01n,Cielo Claro,22,2025-01-07T02:05:00Z
23:10,506,418,01n,Cielo Claro,22,2025-01-07T02:10:00Z
23:15,506,418,02n,Algo De Nubes,22,2025-01-07T02:15:00Z
23:20,104,418,02n,Algo De Nubes,22,2025-01-07T02:20:00Z
23:25,104,418,01n,Cielo Claro,22,2025-01-07T02:25:00Z
23:30,104,418,01n,Cielo Claro,22,2025-01-07T02:30:00Z
23:35,111,426,01n,Cielo Claro,22,2025-01-07T02:35:00Z
23:40,111,426,01n,Cielo Claro,22,2025-01-07T02:40:00Z
23:45,111,426,01n,Cielo Claro,22,2025-01-07T02:45:00Z
23:50,111,426,01n,Cielo Claro,22,2025-01-07T02:50:00Z
23:55,111,426,01n,Cielo Claro,22,2025-01-07T02:55:00Z
00:00,111,426,01n,Cielo Claro,22,2025-01-07T03:00:00Z
00:05,111,415,01n,Cielo Claro,22,2025-01-07T03:05:00Z
00:10,111,415,03n,Nubes Dispersas,21,2025-01-07T03:10:00Z
00:15,111,415,03n,Nubes Dispersas,21,2025-01-07T03:15:00Z
00:20,111,415,03n,Nubes Dispersas,21,2025-01-07T03:20:00Z
00:25,111,407,01n,Cielo Claro,22,2025-01-07T03:25:00Z
00:30,111,407,01n,Cielo Claro,22,2025-01-07T03:30:00Z
00:35,111,407,01n,Cielo Claro,22,2025-01-07T03:35:00Z
00:40,112,406,01n,Cielo Claro,22,2025-01-07T03:40:00Z
00:45,112,406,01n,Cielo Claro,22,2025-01-07T03:45:00Z
00:50,112,406,01n,Cielo Claro,22,2025-01-07T03:50:00Z
00:55,113,1778,01n,Cielo Claro,22,2025-01-07T03:55:00Z
01:00,113,1778,01n,Cielo Claro,22,2025-01-07T04:00:00Z
01:05,113,1778,01n,Cielo Claro,22,2025-01-07T04:05:00Z
01:10,113,412,01n,Cielo Claro,22,2025-01-07T04:10:00Z
01:15,113,412,02n,Algo De Nubes,22,2025-01-07T04:15:00Z
01:20,113,412,01n,Cielo Claro,22,2025-01-07T04:20:00Z
01:25,113,412,01n,Cielo Claro,22,2025-01-07T04:25:00Z
01:30,113,412,01n,Cielo Claro,22,2025-01-07T04:30:00Z
01:35,113,412,01n,Cielo Claro,22,2025-01-07T04:35:00Z
01:40,113,412,01n,Cielo Claro,22,2025-01-07T04:40:00Z
01:45,113,412,01n,Cielo Claro,22,2025-01-07T04:45:00Z
01:50,113,412,01n,Cielo Claro,22,2025-01-07T04:50:00Z
01:55,113,240,01n,Cielo Claro,22,2025-01-07T04:55:00Z
02:00,113,240,01n,Cielo Claro,22,2025-01-07T05:00:00Z
02:05,113,240,01n,Cielo Claro,22,2025-01-07T05:05:00Z
02:10,120,240,01n,Cielo Claro,22,2025-01-07T05:10:00Z
02:15,120,240,02n,Algo De Nubes,21,2025-01-07T05:15:00Z
02:20,120,240,02n,Algo De Nubes,21,2025-01-07T05:20:00Z
02:25,113,240,01n,Cielo Claro,21,2025-01-07T05:25:00Z
02:30,113,240,01n,Cielo Claro,21,2025-01-07T05:30:00Z
02:35,113,240,01n,Cielo Claro,21,2025-01-07T05:35:00Z
02:40,113,240,01n,Cielo Claro,21,2025-01-07T05:40:00Z
02:45,113,240,01n,Cielo Claro,21,2025-01-07T05:45:00Z
02:50,113,240,01n,Cielo Claro,21,2025-01-07T05:50:00Z
02:55,113,240,01n,Cielo Claro,21,2025-01-07T05:55:00Z
03:00,114,240,01n,Cielo Claro,21,2025-01-07T06:00:00Z
03:05,114,240,01n,Cielo Claro,21,2025-01-07T06:05:00Z
03:10,114,240,02n,Algo De Nubes,21,2025-01-07T06:10:00Z
03:15,132,240,02n,Algo De Nubes,21,2025-01-07T06:15:00Z
03:20,132,240,01n,Cielo Claro,21,2025-01-07T06:20:00Z
03:25,132,240,01n,Cielo Claro,21,2025-01-07T06:25:00Z
03:30,132,89,01n,Cielo Claro,21,2025-01-07T06:30:00Z
03:35,132,89,01n,Cielo Claro,21,2025-01-07T06:35:00Z
03:40,132,89,01n,Cielo Claro,21,2025-01-07T06:40:00Z
03:45,132,89,01n,Cielo Claro,21,2025-01-07T06:45:00Z
03:50,132,89,01n,Cielo Claro,21,2025-01-07T06:50:00Z
03:55,132,89,01n,Cielo Claro,21,2025-01-07T06:55:00Z
04:00,132,72,01n,Cielo Claro,21,2025-01-07T07:00:00Z
04:05,132,72,01n,Cielo Claro,21,2025-01-07T07:05:00Z
04:10,132,72,01n,Cielo Claro,21,2025-01-07T07:10:00Z
04:15,132,63,01n,Cielo Claro,21,2025-01-07T07:15:00Z
04:20,132,63,01n,Cielo Claro,20,2025-01-07T07:20:00Z
04:25,132,63,01n,Cielo Claro,20,2025-01-07T07:25:00Z
04:30,132,58,01n,Cielo Claro,20,2025-01-07T07:30:00Z
04:35,132,58,01n,Cielo Claro,20,2025-01-07T07:35:00Z
04:40,132,58,01n,Cielo Claro,20,2025-01-07T07:40:00Z
04:45,132,53,01n,Cielo Claro,20,2025-01-07T07:45:00Z
04:50,132,53,01n,Cielo Claro,20,2025-01-07T07:50:00Z
04:55,132,53,01n,Cielo Claro,20,2025-01-07T07:55:00Z
05:00,132,53,01n,Cielo Claro,20,2025-01-07T08:00:00Z
05:05,132,53,01n,Cielo Claro,20,2025-01-07T08:05:00Z
05:10,132,53,01n,Cielo Claro,20,2025-01-07T08:10:00Z
05:15,133,53,01n,Cielo Claro,20,2025-01-07T08:15:00Z
05:20,133,53,01n,Cielo Claro,20,2025-01-07T08:20:00Z
05:25,133,53,01n,Cielo Claro,20,2025-01-07T08:25:00Z
05:30,153,53,01n,Cielo Claro,20,2025-01-07T08:30:00Z
05:35,153,53,01n,Cielo Claro,20,2025-01-07T08:35:00Z
05:40,153,53,01n,Cielo Claro,20,2025-01-07T08:40:00Z
05:45,153,53,01n,Cielo Claro,20,2025-01-07T08:45:00Z
05:50,153,53,01n,Cielo Claro,20,2025-01-07T08:50:00Z
05:55,153,53,01d,Cielo Claro,20,2025-01-07T08:55:00Z
06:00,153,53,01d,Cielo Claro,20,2025-01-07T09:00:00Z
06:05,153,53,01d,Cielo Claro,20,2025-01-07T09:05:00Z
06:10,153,53,01d,Cielo Claro,20,2025-01-07T09:10:00Z
06:15,153,53,02d,Algo De Nubes,20,2025-01-07T09:15:00Z
06:20,92,74,02d,Algo De Nubes,20,2025-01-07T09:20:00Z
06:25,92,74,01d,Cielo Claro,20,2025-01-07T09:25:00Z
06:30,92,74,01d,Cielo Claro,20,2025-01-07T09:30:00Z
06:35,75,74,01d,Cielo Claro,20,2025-01-07T09:35:00Z
06:40,75,74,01d,Cielo Claro,20,2025-01-07T09:40:00Z
06:45,75,74,01d,Cielo Claro,20,2025-01-07T09:45:00Z
06:50,75,2539,01d,Cielo Claro,20,2025-01-07T09:50:00Z
06:55,75,2539,01d,Cielo Claro,20,2025-01-07T09:55:00Z
07:00,75,2539,01d,Cielo Claro,20,2025-01-07T10:00:00Z
07:05,75,2539,01d,Cielo Claro,20,2025-01-07T10:05:00Z
07:10,75,2539,01d,Cielo Claro,20,2025-01-07T10:10:00Z
07:15,75,2539,02d,Algo De Nubes,21,2025-01-07T10:15:00Z
07:20,77,7646,02d,Algo De Nubes,21,2025-01-07T10:20:00Z
07:25,77,7646,01d,Cielo Claro,20,2025-01-07T10:25:00Z
07:30,77,7646,01d,Cielo Claro,20,2025-01-07T10:30:00Z
07:35,77,496,01d,Cielo Claro,20,2025-01-07T10:35:00Z
07:40,77,496,01d,Cielo Claro,20,2025-01-07T10:40:00Z
07:45,77,496,01d,Cielo Claro,20,2025-01-07T10:45:00Z
07:50,1858,796,01d,Cielo Claro,20,2025-01-07T10:50:00Z
07:55,1858,796,01d,Cielo Claro,21,2025-01-07T10:55:00Z
08:00,1858,796,01d,Cielo Claro,21,2025-01-07T11:00:00Z
08:05,1860,786,01d,Cielo Claro,20,2025-01-07T11:05:00Z
08:10,1860,786,01d,Cielo Claro,20,2025-01-07T11:10:00Z
08:15,1860,786,03d,Nubes Dispersas,20,2025-01-07T11:15:00Z
08:20,1862,788,03d,Nubes Dispersas,20,2025-01-07T11:20:00Z
08:25,1862,788,01d,Cielo Claro,20,2025-01-07T11:25:00Z
08:30,1862,788,01d,Cielo Claro,20,2025-01-07T11:30:00Z
08:35,1862,788,01d,Cielo Claro,21,2025-01-07T11:35:00Z
08:40,1862,804,01d,Cielo Claro,21,2025-01-07T11:40:00Z
08:45,1862,804,01d,Cielo Claro,21,2025-01-07T11:45:00Z
08:50,1862,804,01d,Cielo Claro,21,2025-01-07T11:50:00Z
08:55,1863,504,01d,Cielo Claro,21,2025-01-07T11:55:00Z
09:00,1863,504,01d,Cielo Claro,21,2025-01-07T12:00:00Z
09:05,1863,504,01d,Cielo Claro,21,2025-01-07T12:05:00Z
09:10,1252,1209,01d,Cielo Claro,22,2025-01-07T12:10:00Z
09:15,1252,1209,01d,Cielo Claro,22,2025-01-07T12:15:00Z
09:20,1252,1209,01d,Cielo Claro,22,2025-01-07T12:20:00Z
09:25,1254,5229,01d,Cielo Claro,22,2025-01-07T12:25:00Z
09:30,1254,5229,01d,Cielo Claro,23,2025-01-07T12:30:00Z
09:35,1254,5229,01d,Cielo Claro,23,2025-01-07T12:35:00Z
09:40,1248,2143,01d,Cielo Claro,23,2025-01-07T12:40:00Z
09:45,1248,2143,01d,Cielo Claro,23,2025-01-07T12:45:00Z
09:50,1248,2143,01d,Cielo Claro,23,2025-01-07T12:50:00Z
09:55,1237,1753,01d,Cielo Claro,23,2025-01-07T12:55:00Z
10:00,1237,1753,01d,Cielo Claro,23,2025-01-07T13:00:00Z
10:05,1237,1753,01d,Cielo Claro,23,2025-01-07T13:05:00Z
10:10,1245,1745,01d,Cielo Claro,23,2025-01-07T13:10:00Z
10:15,1245,1745,01d,Cielo Claro,24,2025-01-07T13:15:00Z
10:20,1245,1745,01d,Cielo Claro,24,2025-01-07T13:20:00Z
10:25,1258,1748,01d,Cielo Claro,24,2025-01-07T13:25:00Z
10:30,1258,1748,01d,Cielo Claro,24,2025-01-07T13:30:00Z
10:35,1258,1748,01d,Cielo Claro,24,2025-01-07T13:35:00Z
10:40,1266,1746,01d,Cielo Claro,24,2025-01-07T13:40:00Z
10:45,1266,1746,01d,Cielo Claro,25,2025-01-07T13:45:00Z
10:50,1266,1746,01d,Cielo Claro,25,2025-01-07T13:50:00Z
10:55,1266,1620,01d,Cielo Claro,25,2025-01-07T13:55:00Z
11:00,1266,1620,01d,Cielo Claro,25,2025-01-07T14:00:00Z
11:05,1266,1620,01d,Cielo Claro,25,2025-01-07T14:05:00Z
11:10,1279,4869,01d,Cielo Claro,26,2025-01-07T14:10:00Z
11:15,1279,4869,01d,Cielo Claro,26,2025-01-07T14:15:00Z
11:20,1279,4869,01d,Cielo Claro,26,2025-01-07T14:20:00Z
11:25,1279,4856,01d,Cielo Claro,26,2025-01-07T14:25:00Z
11:30,1279,4856,01d,Cielo Claro,26,2025-01-07T14:30:00Z
11:35,1279,4856,01d,Cielo Claro,26,2025-01-07T14:35:00Z
11:40,1471,4856,01d,Cielo Claro,26,2025-01-07T14:40:00Z
11:45,1471,4856,01d,Cielo Claro,26,2025-01-07T14:45:00Z
11:50,1471,4856,01d,Cielo Claro,26,2025-01-07T14:50:00Z
11:55,1465,4568,01d,Cielo Claro,26,2025-01-07T14:55:00Z
12:00,1465,4568,01d,Cielo Claro,26,2025-01-07T15:00:00Z
12:05,1465,4568,01d,Cielo Claro,26,2025-01-07T15:05:00Z
12:10,1465,3034,01d,Cielo Claro,26,2025-01-07T15:10:00Z
12:15,1465,3034,01d,Cielo Claro,26,2025-01-07T15:15:00Z
12:20,1465,3034,01d,Cielo Claro,26,2025-01-07T15:20:00Z
12:25,1465,3034,01d,Cielo Claro,26,2025-01-07T15:25:00Z
12:30,1472,3034,01d,Cielo Claro,26,2025-01-07T15:30:00Z
12:35,1472,3034,01d,Cielo Claro,27,2025-01-07T15:35:00Z
12:40,1472,3034,01d,Cielo Claro,27,2025-01-07T15:40:00Z
12:45,1475,2972,01d,Cielo Claro,27,2025-01-07T15:45:00Z
12:50,1475,2972,01d,Cielo Claro,27,2025-01-07T15:50:00Z
12:55,1475,2972,01d,Cielo Claro,27,2025-01-07T15:55:00Z
13:00,1039,2764,01d,Cielo Claro,27,2025-01-07T16:00:00Z
13:05,1039,2764,01d,Cielo Claro,27,2025-01-07T16:05:00Z
13:10,1039,2764,04d,Muy Nuboso,27,2025-01-07T16:10:00Z
13:15,1040,1825,04d,Muy Nuboso,27,2025-01-07T16:15:00Z
13:20,1040,1825,01d,Cielo Claro,27,2025-01-07T16:20:00Z
13:25,1040,1825,01d,Cielo Claro,27,2025-01-07T16:25:00Z
13:30,1049,1821,01d,Cielo Claro,27,2025-01-07T16:30:00Z
13:35,1049,1821,01d,Cielo Claro,27,2025-01-07T16:35:00Z
13:40,1049,1821,01d,Cielo Claro,27,2025-01-07T16:40:00Z
13:45,1050,1835,01d,Cielo Claro,27,2025-01-07T16:45:00Z
13:50,1050,1835,01d,Cielo Claro,28,2025-01-07T16:50:00Z
13:55,1050,1835,01d,Cielo Claro,28,2025-01-07T16:55:00Z
14:00,1045,2808,01d,Cielo Claro,28,2025-01-07T17:00:00Z
14:05,1045,2808,01d,Cielo Claro,28,2025-01-07T17:05:00Z
14:10,1045,2808,01d,Cielo Claro,28,2025-01-07T17:10:00Z
14:15,1050,2693,01d,Cielo Claro,28,2025-01-07T17:15:00Z
14:20,1050,2693,01d,Cielo Claro,29,2025-01-07T17:20:00Z
14:25,1050,2693,01d,Cielo Claro,29,2025-01-07T17:25:00Z
14:30,1014,1749,01d,Cielo Claro,29,2025-01-07T17:30:00Z
14:35,1014,1749,01d,Cielo Claro,29,2025-01-07T17:35:00Z
14:40,1014,1749,01d,Cielo Claro,29,2025-01-07T17:40:00Z
14:45,1018,1257,01d,Cielo Claro,29,2025-01-07T17:45:00Z
14:50,1018,1257,01d,Cielo Claro,29,2025-01-07T17:50:00Z
14:55,1018,1257,01d,Cielo Claro,29,2025-01-07T17:55:00Z
15:00,1022,1259,01d,Cielo Claro,29,2025-01-07T18:00:00Z
15:05,1022,1259,01d,Cielo Claro,29,2025-01-07T18:05:00Z
15:10,1022,1259,01d,Cielo Claro,29,2025-01-07T18:10:00Z
15:15,1022,1259,01d,Cielo Claro,29,2025-01-07T18:15:00Z
15:20,1025,1240,01d,Cielo Claro,29,2025-01-07T18:20:00Z
15:25,1025,1240,01d,Cielo Claro,29,2025-01-07T18:25:00Z
15:30,1025,1240,01d,Cielo Claro,29,2025-01-07T18:30:00Z
15:35,1030,1241,01d,Cielo Claro,29,2025-01-07T18:35:00Z
15:40,1030,1241,01d,Cielo Claro,29,2025-01-07T18:40:00Z
15:45,1030,1241,01d,Cielo Claro,28,2025-01-07T18:45:00Z
15:50,114,1316,01d,Cielo Claro,28,2025-01-07T18:50:00Z
15:55,114,1316,01d,Cielo Claro,29,2025-01-07T18:55:00Z
16:00,114,1316,01d,Cielo Claro,29,2025-01-07T19:00:00Z
16:05,110,1318,01d,Cielo Claro,28,2025-01-07T19:05:00Z
16:10,110,1318,01d,Cielo Claro,28,2025-01-07T19:10:00Z
16:15,110,1318,04d,Nubes,28,2025-01-07T19:15:00Z
16:20,114,719,04d,Nubes,28,2025-01-07T19:20:00Z
16:25,114,719,04d,Nubes,28,2025-01-07T19:25:00Z
16:30,114,719,01d,Cielo Claro,28,2025-01-07T19:30:00Z
16:35,82,762,04d,Muy Nuboso,28,2025-01-07T19:35:00Z
16:40,82,762,04d,Muy Nuboso,28,2025-01-07T19:40:00Z
16:45,82,762,04d,Muy Nuboso,28,2025-01-07T19:45:00Z
16:50,67,800,04d,Muy Nuboso,28,2025-01-07T19:50:00Z
16:55,67,800,01d,Cielo Claro,27,2025-01-07T19:55:00Z
17:00,67,800,01d,Cielo Claro,27,2025-01-07T20:00:00Z
17:05,68,787,01d,Cielo Claro,27,2025-01-07T20:05:00Z
17:10,68,787,04d,Muy Nuboso,27,2025-01-07T20:10:00Z
17:15,68,787,04d,Muy Nuboso,27,2025-01-07T20:15:00Z
17:20,61,2443,01d,Cielo Claro,27,2025-01-07T20:20:00Z
17:25,61,2443,01d,Cielo Claro,27,2025-01-07T20:25:00Z
17:30,61,2443,01d,Cielo Claro,27,2025-01-07T20:30:00Z
17:35,58,1707,01d,Cielo Claro,27,2025-01-07T20:35:00Z
17:40,58,1707,01d,Cielo Claro,27,2025-01-07T20:40:00Z
17:45,58,1707,01d,Cielo Claro,27,2025-01-07T20:45:00Z
17:50,762,1686,01d,Cielo Claro,26,2025-01-07T20:50:00Z
17:55,762,1686,01d,Cielo Claro,26,2025-01-07T20:55:00Z
18:00,762,1686,01d,Cielo Claro,26,2025-01-07T21:00:00Z
18:05,753,1658,01d,Cielo Claro,26,2025-01-07T21:05:00Z
18:10,753,1658,01d,Cielo Claro,26,2025-01-07T21:10:00Z
18:15,753,1658,01d,Cielo Claro,26,2025-01-07T21:15:00Z
18:20,753,1658,01d,Cielo Claro,26,2025-01-07T21:20:00Z
18:25,755,1702,01d,Cielo Claro,26,2025-01-07T21:25:00Z
18:30,755,1702,01d,Cielo Claro,26,2025-01-07T21:30:00Z
18:35,755,1702,01d,Cielo Claro,26,2025-01-07T21:35:00Z
18:40,761,1503,01d,Cielo Claro,26,2025-01-07T21:40:00Z
18:45,761,1503,01d,Cielo Claro,26,2025-01-07T21:45:00Z
18:50,761,1503,01d,Cielo Claro,26,2025-01-07T21:50:00Z
18:55,761,279,01d,Cielo Claro,26,2025-01-07T21:55:00Z
19:00,761,279,01d,Cielo Claro,26,2025-01-07T22:00:00Z
19:05,761,279,01d,Cielo Claro,26,2025-01-07T22:05:00Z
19:10,720,273,01d,Cielo Claro,26,2025-01-07T22:10:00Z
19:15,720,273,01d,Cielo Claro,26,2025-01-07T22:15:00Z
19:20,720,273,01d,Cielo Claro,25,2025-01-07T22:20:00Z
19:25,727,1540,01d,Cielo Claro,25,2025-01-07T22:25:00Z
19:30,727,1540,01d,Cielo Claro,25,2025-01-07T22:30:00Z
19:35,727,1540,01d,Cielo Claro,25,2025-01-07T22:35:00Z
19:40,728,2318,01d,Cielo Claro,25,2025-01-07T22:40:00Z
19:45,728,2318,01d,Cielo Claro,25,2025-01-07T22:45:00Z
19:50,728,2318,01d,Cielo Claro,25,2025-01-07T22:50:00Z
19:55,43,1066,01d,Cielo Claro,25,2025-01-07T22:55:00Z
20:00,43,1066,01d,Cielo Claro,25,2025-01-07T23:00:00Z
20:05,43,1066,01d,Cielo Claro,25,2025-01-07T23:05:00Z
20:10,73,1204,01d,Cielo Claro,25,2025-01-07T23:10:00Z
20:15,73,1204,04n,Muy Nuboso,25,2025-01-07T23:15:00Z
20:20,73,1204,04n,Muy Nuboso,25,2025-01-07T23:20:00Z
20:25,785,1078,01n,Cielo Claro,24,2025-01-07T23:25:00Z
20:30,785,1078,01n,Cielo Claro,24,2025-01-07T23:30:00Z
20:35,785,1078,01n,Cielo Claro,24,2025-01-07T23:35:00Z
20:40,1543,1078,01n,Cielo Claro,24,2025-01-07T23:40:00Z
20:45,1543,1078,01n,Cielo Claro,24,2025-01-07T23:45:00Z
20:50,1543,1078,01n,Cielo Claro,24,2025-01-07T23:50:00Z
20:55,1543,1078,01n,Cielo Claro,24,2025-01-07T23:55:00Z
21:00,1560,1047,01n,Cielo Claro,24,2025-01-08T00:00:00Z
21:05,1560,1047,01n,Cielo Claro,24,2025-01-08T00:05:00Z
21:10,1560,1047,04n,Muy Nuboso,23,2025-01-08T00:10:00Z
21:15,9492,1039,04n,Muy Nuboso,23,2025-01-08T00:15:00Z
21:20,9492,1039,01n,Cielo Claro,23,2025-01-08T00:20:00Z
21:25,9492,1039,01n,Cielo Claro,23,2025-01-08T00:25:00Z
21:30,4098,1035,01n,Cielo Claro,23,2025-01-08T00:30:00Z
21:35,4098,1035,01n,Cielo Claro,23,2025-01-08T00:35:00Z
21:40,4098,1035,01n,Cielo Claro,23,2025-01-08T00:40:00Z
21:45,4100,70,01n,Cielo Claro,23,2025-01-08T00:45:00Z
21:50,4100,70,01n,Cielo Claro,23,2025-01-08T00:50:00Z
21:55,4100,70,01n,Cielo Claro,23,2025-01-08T00:55:00Z
22:00,4100,70,01n,Cielo Claro,23,2025-01-08T01:00:00Z
22:05,4100,70,01n,Cielo Claro,23,2025-01-08T01:05:00Z
22:10,4100,70,01n,Cielo Claro,23,2025-01-08T01:10:00Z
22:15,4107,62,04n,Muy Nuboso,23,2025-01-08T01:15:00Z
22:20,4107,62,04n,Muy Nuboso,23,2025-01-08T01:20:00Z
22:25,4107,62,01n,Cielo Claro,23,2025-01-08T01:25:00Z
22:30,4085,127,01n,Cielo Claro,23,2025-01-08T01:30:00Z
22:35,4085,127,01n,Cielo Claro,23,2025-01-08T01:35:00Z
22:40,4085,127,01n,Cielo Claro,23,2025-01-08T01:40:00Z
22:45,2193,81,01n,Cielo Claro,23,2025-01-08T01:45:00Z
22:50,2193,81,01n,Cielo Claro,22,2025-01-08T01:50:00Z
22:55,2193,81,01n,Cielo Claro,22,2025-01-08T01:55:00Z
23:00,2192,81,01n,Cielo Claro,22,2025-01-08T02:00:00Z
23:05,2192,81,01n,Cielo Claro,22,2025-01-08T02:05:00Z
23:10,2192,81,01n,Cielo Claro,22,2025-01-08T02:10:00Z
23:15,2187,81,04n,Muy Nuboso,23,2025-01-08T02:15:00Z
23:20,2187,81,04n,Muy Nuboso,23,2025-01-08T02:20:00Z
23:25,2187,81,01n,Cielo Claro,23,2025-01-08T02:25:00Z
23:30,2172,96,01n,Cielo Claro,23,2025-01-08T02:30:00Z
23:35,2172,96,01n,Cielo Claro,23,2025-01-08T02:35:00Z
23:40,2172,96,01n,Cielo Claro,23,2025-01-08T02:40:00Z
23:45,2174,75,01n,Cielo Claro,23,2025-01-08T02:45:00Z
23:50,2174,75,01n,Cielo Claro,23,2025-01-08T02:50:00Z
23:55,2174,75,01n,Cielo Claro,23,2025-01-08T02:55:00Z
00:00,2174,75,01n,Cielo Claro,23,2025-01-08T03:00:00Z
00:05,2159,75,01n,Cielo Claro,23,2025-01-08T03:05:00Z
00:10,2159,75,01n,Cielo Claro,23,2025-01-08T03:10:00Z
00:15,2159,75,01n,Cielo Claro,23,2025-01-08T03:15:00Z
00:20,2159,75,04n,Muy Nuboso,22,2025-01-08T03:20:00Z
00:25,2159,75,04n,Muy Nuboso,22,2025-01-08T03:25:00Z
00:30,2159,75,01n,Cielo Claro,23,2025-01-08T03:30:00Z
00:35,4148,49,01n,Cielo Claro,23,2025-01-08T03:35:00Z
00:40,4148,49,01n,Cielo Claro,23,2025-01-08T03:40:00Z
00:45,4148,49,01n,Cielo Claro,23,2025-01-08T03:45:00Z
00:50,4148,49,01n,Cielo Claro,23,2025-01-08T03:50:00Z
00:55,4148,49,01n,Cielo Claro,23,2025-01-08T03:55:00Z
01:00,4148,49,01n,Cielo Claro,23,2025-01-08T04:00:00Z
01:05,4148,60,01n,Cielo Claro,23,2025-01-08T04:05:00Z
01:10,4148,60,04n,Muy Nuboso,23,2025-01-08T04:10:00Z
01:15,4148,60,04n,Muy Nuboso,23,2025-01-08T04:15:00Z
01:20,4146,52,04n,Muy Nuboso,23,2025-01-08T04:20:00Z
01:25,4146,52,01n,Cielo Claro,23,2025-01-08T04:25:00Z
01:30,4146,52,01n,Cielo Claro,23,2025-01-08T04:30:00Z
01:35,4146,52,01n,Cielo Claro,23,2025-01-08T04:35:00Z
01:40,4146,52,01n,Cielo Claro,23,2025-01-08T04:40:00Z
01:45,4146,52,01n,Cielo Claro,23,2025-01-08T04:45:00Z
01:50,4146,52,01n,Cielo Claro,23,2025-01-08T04:50:00Z
01:55,4146,52,01n,Cielo Claro,23,2025-01-08T04:55:00Z
02:00,4146,52,01n,Cielo Claro,23,2025-01-08T05:00:00Z
02:05,4147,52,01n,Cielo Claro,23,2025-01-08T05:05:00Z
02:10,4147,52,01n,Cielo Claro,23,2025-01-08T05:10:00Z
02:15,4147,52,04n,Muy Nuboso,22,2025-01-08T05:15:00Z
02:20,4147,52,01n,Cielo Claro,22,2025-01-08T05:20:00Z
02:25,4147,36,01n,Cielo Claro,22,2025-01-08T05:25:00Z
02:30,4147,36,01n,Cielo Claro,22,2025-01-08T05:30:00Z
02:35,4147,36,01n,Cielo Claro,22,2025-01-08T05:35:00Z
02:40,4144,36,01n,Cielo Claro,22,2025-01-08T05:40:00Z
02:45,4144,36,01n,Cielo Claro,22,2025-01-08T05:45:00Z
02:50,4144,36,01n,Cielo Claro,22,2025-01-08T05:50:00Z
02:55,1460,36,01n,Cielo Claro,22,2025-01-08T05:55:00Z
03:00,1460,36,01n,Cielo Claro,22,2025-01-08T06:00:00Z
03:05,1460,36,01n,Cielo Claro,22,2025-01-08T06:05:00Z
03:10,1460,36,01n,Cielo Claro,22,2025-01-08T06:10:00Z
03:15,1460,36,01n,Cielo Claro,22,2025-01-08T06:15:00Z
03:20,1460,36,01n,Cielo Claro,22,2025-01-08T06:20:00Z
03:25,1460,36,01n,Cielo Claro,22,2025-01-08T06:25:00Z
03:30,1460,36,01n,Cielo Claro,22,2025-01-08T06:30:00Z
03:35,1460,36,01n,Cielo Claro,22,2025-01-08T06:35:00Z
03:40,1460,36,01n,Cielo Claro,22,2025-01-08T06:40:00Z
03:45,1460,36,01n,Cielo Claro,22,2025-01-08T06:45:00Z
03:50,1460,36,01n,Cielo Claro,22,2025-01-08T06:50:00Z
03:55,1460,315,01n,Cielo Claro,22,2025-01-08T06:55:00Z
04:00,1460,315,01n,Cielo Claro,22,2025-01-08T07:00:00Z
04:05,1460,315,01n,Cielo Claro,22,2025-01-08T07:05:00Z
04:10,1460,315,01n,Cielo Claro,22,2025-01-08T07:10:00Z
04:15,1460,315,03n,Nubes Dispersas,21,2025-01-08T07:15:00Z
04:20,1460,315,03n,Nubes Dispersas,21,2025-01-08T07:20:00Z
04:25,1460,310,01n,Cielo Claro,22,2025-01-08T07:25:00Z
04:30,1460,310,01n,Cielo Claro,22,2025-01-08T07:30:00Z
04:35,1460,310,01n,Cielo Claro,22,2025-01-08T07:35:00Z
04:40,1460,306,01n,Cielo Claro,22,2025-01-08T07:40:00Z
04:45,1460,306,01n,Cielo Claro,21,2025-01-08T07:45:00Z
04:50,1460,306,01n,Cielo Claro,21,2025-01-08T07:50:00Z
04:55,1460,306,01n,Cielo Claro,21,2025-01-08T07:55:00Z
05:00,1460,368,01n,Cielo Claro,21,2025-01-08T08:00:00Z
05:05,1460,368,01n,Cielo Claro,21,2025-01-08T08:05:00Z
05:10,1460,368,03n,Nubes Dispersas,21,2025-01-08T08:10:00Z
05:15,6124,394,01n,Cielo Claro,21,2025-01-08T08:15:00Z
05:20,6124,394,01n,Cielo Claro,21,2025-01-08T08:20:00Z
05:25,6124,394,01n,Cielo Claro,21,2025-01-08T08:25:00Z
05:30,6512,57,01n,Cielo Claro,21,2025-01-08T08:30:00Z
05:35,6512,57,01n,Cielo Claro,20,2025-01-08T08:35:00Z
05:40,6512,57,01n,Cielo Claro,20,2025-01-08T08:40:00Z
05:45,5662,53,01n,Cielo Claro,20,2025-01-08T08:45:00Z
05:50,5662,53,01n,Cielo Claro,20,2025-01-08T08:50:00Z
05:55,5662,53,01n,Cielo Claro,20,2025-01-08T08:55:00Z
06:00,6536,53,01d,Cielo Claro,20,2025-01-08T09:00:00Z
06:05,6536,53,01d,Cielo Claro,20,2025-01-08T09:05:00Z
06:10,6536,53,02d,Algo De Nubes,20,2025-01-08T09:10:00Z
06:15,4013,53,01d,Cielo Claro,20,2025-01-08T09:15:00Z
06:20,4013,53,01d,Cielo Claro,20,2025-01-08T09:20:00Z
06:25,4013,53,01d,Cielo Claro,20,2025-01-08T09:25:00Z
06:30,3769,53,01d,Cielo Claro,20,2025-01-08T09:30:00Z
06:35,3769,53,01d,Cielo Claro,21,2025-01-08T09:35:00Z
06:40,3769,53,01d,Cielo Claro,21,2025-01-08T09:40:00Z
06:45,3775,51,01d,Cielo Claro,21,2025-01-08T09:45:00Z
06:50,3775,51,01d,Cielo Claro,21,2025-01-08T09:50:00Z
06:55,3775,51,01d,Cielo Claro,21,2025-01-08T09:55:00Z
07:00,3776,51,01d,Cielo Claro,21,2025-01-08T10:00:00Z
07:05,3776,51,01d,Cielo Claro,21,2025-01-08T10:05:00Z
07:10,3776,51,01d,Cielo Claro,21,2025-01-08T10:10:00Z
07:15,3776,51,01d,Cielo Claro,21,2025-01-08T10:15:00Z
07:20,3776,51,01d,Cielo Claro,21,2025-01-08T10:20:00Z
07:25,3776,51,01d,Cielo Claro,21,2025-01-08T10:25:00Z
07:30,3776,51,01d,Cielo Claro,21,2025-01-08T10:30:00Z
07:35,3778,71,01d,Cielo Claro,21,2025-01-08T10:35:00Z
07:40,3778,71,01d,Cielo Claro,21,2025-01-08T10:40:00Z
07:45,3778,71,01d,Cielo Claro,21,2025-01-08T10:45:00Z
07:50,989,69,01d,Cielo Claro,21,2025-01-08T10:50:00Z
07:55,989,69,01d,Cielo Claro,21,2025-01-08T10:55:00Z
08:00,989,69,01d,Cielo Claro,21,2025-01-08T11:00:00Z
08:05,990,70,01d,Cielo Claro,22,2025-01-08T11:05:00Z
08:10,990,70,01d,Cielo Claro,22,2025-01-08T11:10:00Z
08:15,990,70,01d,Cielo Claro,22,2025-01-08T11:15:00Z
08:20,993,609,01d,Cielo Claro,22,2025-01-08T11:20:00Z
08:25,993,609,01d,Cielo Claro,22,2025-01-08T11:25:00Z
08:30,993,609,01d,Cielo Claro,22,2025-01-08T11:30:00Z
08:35,844,649,01d,Cielo Claro,23,2025-01-08T11:35:00Z
08:40,844,649,01d,Cielo Claro,23,2025-01-08T11:40:00Z
08:45,844,649,01d,Cielo Claro,23,2025-01-08T11:45:00Z
08:50,823,4355,01d,Cielo Claro,23,2025-01-08T11:50:00Z
08:55,823,4355,01d,Cielo Claro,23,2025-01-08T11:55:00Z
09:00,823,4355,01d,Cielo Claro,23,2025-01-08T12:00:00Z
09:05,285,1369,01d,Cielo Claro,23,2025-01-08T12:05:00Z
09:10,285,1369,01d,Cielo Claro,23,2025-01-08T12:10:00Z
09:15,285,1369,01d,Cielo Claro,23,2025-01-08T12:15:00Z
09:20,285,1369,01d,Cielo Claro,23,2025-01-08T12:20:00Z
09:25,285,1369,01d,Cielo Claro,23,2025-01-08T12:25:00Z
09:30,285,1369,01d,Cielo Claro,23,2025-01-08T12:30:00Z
09:35,306,5025,01d,Cielo Claro,24,2025-01-08T12:35:00Z
09:40,306,5025,01d,Cielo Claro,24,2025-01-08T12:40:00Z
09:45,306,5025,01d,Cielo Claro,24,2025-01-08T12:45:00Z
09:50,311,2560,01d,Cielo Claro,24,2025-01-08T12:50:00Z
09:55,311,2560,01d,Cielo Claro,24,2025-01-08T12:55:00Z
10:00,311,2560,01d,Cielo Claro,24,2025-01-08T13:00:00Z
10:05,307,2692,01d,Cielo Claro,24,2025-01-08T13:05:00Z
10:10,307,2692,01d,Cielo Claro,25,2025-01-08T13:10:00Z
10:15,307,2692,01d,Cielo Claro,25,2025-01-08T13:15:00Z
10:20,307,2692,01d,Cielo Claro,25,2025-01-08T13:20:00Z
10:25,302,2692,01d,Cielo Claro,25,2025-01-08T13:25:00Z
10:30,302,2692,01d,Cielo Claro,26,2025-01-08T13:30:00Z
10:35,302,2692,01d,Cielo Claro,26,2025-01-08T13:35:00Z
10:40,303,3002,01d,Cielo Claro,26,2025-01-08T13:40:00Z
10:45,303,3002,01d,Cielo Claro,26,2025-01-08T13:45:00Z
10:50,303,3002,01d,Cielo Claro,26,2025-01-08T13:50:00Z
10:55,275,3002,01d,Cielo Claro,26,2025-01-08T13:55:00Z
11:00,275,3002,01d,Cielo Claro,26,2025-01-08T14:00:00Z
11:05,275,3002,01d,Cielo Claro,27,2025-01-08T14:05:00Z
11:10,276,2755,01d,Cielo Claro,27,2025-01-08T14:10:00Z
11:15,276,2755,01d,Cielo Claro,27,2025-01-08T14:15:00Z
11:20,276,2755,01d,Cielo Claro,27,2025-01-08T14:20:00Z
11:25,286,2755,01d,Cielo Claro,27,2025-01-08T14:25:00Z
11:30,286,2755,01d,Cielo Claro,27,2025-01-08T14:30:00Z
11:35,286,2755,01d,Cielo Claro,28,2025-01-08T14:35:00Z
11:40,289,2757,01d,Cielo Claro,28,2025-01-08T14:40:00Z
11:45,289,2757,01d,Cielo Claro,28,2025-01-08T14:45:00Z
11:50,289,2757,01d,Cielo Claro,28,2025-01-08T14:50:00Z
11:55,296,2482,01d,Cielo Claro,28,2025-01-08T14:55:00Z
12:00,296,2482,01d,Cielo Claro,28,2025-01-08T15:00:00Z
12:05,296,2482,01d,Cielo Claro,28,2025-01-08T15:05:00Z
12:10,301,2482,01d,Cielo Claro,28,2025-01-08T15:10:00Z
12:15,301,2482,01d,Cielo Claro,28,2025-01-08T15:15:00Z
12:20,301,2482,01d,Cielo Claro,28,2025-01-08T15:20:00Z
12:25,685,2190,01d,Cielo Claro,28,2025-01-08T15:25:00Z
12:30,685,2190,01d,Cielo Claro,28,2025-01-08T15:30:00Z
12:35,685,2190,01d,Cielo Claro,28,2025-01-08T15:35:00Z
12:40,667,1511,01d,Cielo Claro,28,2025-01-08T15:40:00Z
12:45,667,1511,01d,Cielo Claro,28,2025-01-08T15:45:00Z
12:50,667,1511,01d,Cielo Claro,29,2025-01-08T15:50:00Z
12:55,1122,1511,01d,Cielo Claro,29,2025-01-08T15:55:00Z
13:00,1122,1511,01d,Cielo Claro,29,2025-01-08T16:00:00Z
13:05,1122,1511,01d,Cielo Claro,29,2025-01-08T16:05:00Z
13:10,1123,1906,01d,Cielo Claro,29,2025-01-08T16:10:00Z
13:15,1123,1906,01d,Cielo Claro,29,2025-01-08T16:15:00Z
13:20,1123,1906,02d,Algo De Nubes,29,2025-01-08T16:20:00Z
13:25,1123,1906,02d,Algo De Nubes,29,2025-01-08T16:25:00Z
13:30,1125,1906,02d,Algo De Nubes,29,2025-01-08T16:30:00Z
13:35,1125,1906,02d,Algo De Nubes,29,2025-01-08T16:35:00Z
13:40,1125,1906,02d,Algo De Nubes,29,2025-01-08T16:40:00Z
13:45,1133,1726,02d,Algo De Nubes,30,2025-01-08T16:45:00Z
13:50,1133,1726,02d,Algo De Nubes,30,2025-01-08T16:50:00Z
13:55,1133,1726,02d,Algo De Nubes,30,2025-01-08T16:55:00Z
14:00,1135,1726,02d,Algo De Nubes,30,2025-01-08T17:00:00Z
14:05,1135,1726,02d,Algo De Nubes,30,2025-01-08T17:05:00Z
14:10,1135,1726,02d,Algo De Nubes,30,2025-01-08T17:10:00Z
14:15,1137,2289,01d,Cielo Claro,30,2025-01-08T17:15:00Z
14:20,1137,2289,01d,Cielo Claro,30,2025-01-08T17:20:00Z
14:25,1137,2289,02d,Algo De Nubes,30,2025-01-08T17:25:00Z
14:30,1140,2280,02d,Algo De Nubes,30,2025-01-08T17:30:00Z
14:35,1140,2280,02d,Algo De Nubes,30,2025-01-08T17:35:00Z
14:40,1140,2280,02d,Algo De Nubes,30,2025-01-08T17:40:00Z
14:45,1152,2153,02d,Algo De Nubes,30,2025-01-08T17:45:00Z
14:50,1152,2153,02d,Algo De Nubes,30,2025-01-08T17:50:00Z
14:55,1152,2153,02d,Algo De Nubes,30,2025-01-08T17:55:00Z
15:00,1509,1976,02d,Algo De Nubes,30,2025-01-08T18:00:00Z
15:05,1509,1976,02d,Algo De Nubes,30,2025-01-08T18:05:00Z
15:10,1509,1976,02d,Algo De Nubes,30,2025-01-08T18:10:00Z
15:15,1514,1722,02d,Algo De Nubes,30,2025-01-08T18:15:00Z
15:20,1514,1722,02d,Algo De Nubes,30,2025-01-08T18:20:00Z
15:25,1514,1722,02d,Algo De Nubes,30,2025-01-08T18:25:00Z
15:30,1515,1705,02d,Algo De Nubes,30,2025-01-08T18:30:00Z
15:35,1515,1705,02d,Algo De Nubes,30,2025-01-08T18:35:00Z
15:40,1515,1705,02d,Algo De Nubes,30,2025-01-08T18:40:00Z
15:45,1525,1589,02d,Algo De Nubes,30,2025-01-08T18:45:00Z
15:50,1525,1589,02d,Algo De Nubes,30,2025-01-08T18:50:00Z
15:55,1525,1589,02d,Algo De Nubes,30,2025-01-08T18:55:00Z
16:00,1167,1582,02d,Algo De Nubes,30,2025-01-08T19:00:00Z
16:05,1167,1582,02d,Algo De Nubes,30,2025-01-08T19:05:00Z
16:10,1167,1582,04d,Muy Nuboso,30,2025-01-08T19:10:00Z
16:15,1167,1582,04d,Muy Nuboso,30,2025-01-08T19:15:00Z
16:20,1166,1442,02d,Algo De Nubes,30,2025-01-08T19:20:00Z
16:25,1166,1442,02d,Algo De Nubes,30,2025-01-08T19:25:00Z
16:30,1166,1442,02d,Algo De Nubes,30,2025-01-08T19:30:00Z
16:35,488,1461,02d,Algo De Nubes,30,2025-01-08T19:35:00Z
16:40,488,1461,02d,Algo De Nubes,30,2025-01-08T19:40:00Z
16:45,488,1461,02d,Algo De Nubes,29,2025-01-08T19:45:00Z
16:50,491,1569,02d,Algo De Nubes,29,2025-01-08T19:50:00Z
16:55,491,1569,02d,Algo De Nubes,29,2025-01-08T19:55:00Z
17:00,491,1569,02d,Algo De Nubes,29,2025-01-08T20:00:00Z
17:05,478,1527,02d,Algo De Nubes,29,2025-01-08T20:05:00Z
17:10,478,1527,02d,Algo De Nubes,29,2025-01-08T20:10:00Z
17:15,478,1527,01d,Cielo Claro,29,2025-01-08T20:15:00Z
17:20,499,1527,01d,Cielo Claro,29,2025-01-08T20:20:00Z
17:25,499,1527,01d,Cielo Claro,29,2025-01-08T20:25:00Z
17:30,499,1527,04d,Nubes,29,2025-01-08T20:30:00Z
17:35,481,2822,04d,Nubes,29,2025-01-08T20:35:00Z
17:40,481,2822,04d,Nubes,29,2025-01-08T20:40:00Z
17:45,481,2822,04d,Nubes,29,2025-01-08T20:45:00Z
17:50,470,1488,04d,Nubes,28,2025-01-08T20:50:00Z
17:55,470,1488,04d,Nubes,28,2025-01-08T20:55:00Z
18:00,470,1488,03d,Nubes Dispersas,28,2025-01-08T21:00:00Z
18:05,475,1223,03d,Nubes Dispersas,28,2025-01-08T21:05:00Z
18:10,475,1223,03d,Nubes Dispersas,28,2025-01-08T21:10:00Z
18:15,475,1223,04d,Nubes,28,2025-01-08T21:15:00Z
18:20,475,1210,01d,Cielo Claro,28,2025-01-08T21:20:00Z
18:25,475,1210,01d,Cielo Claro,28,2025-01-08T21:25:00Z
18:30,475,1210,01d,Cielo Claro,28,2025-01-08T21:30:00Z
18:35,475,1210,01d,Cielo Claro,28,2025-01-08T21:35:00Z
18:40,479,1210,04d,Nubes,28,2025-01-08T21:40:00Z
18:45,479,1210,04d,Nubes,28,2025-01-08T21:45:00Z
18:50,479,1210,04d,Nubes,28,2025-01-08T21:50:00Z
18:55,492,1192,04d,Nubes,28,2025-01-08T21:55:00Z
19:00,492,1192,04d,Nubes,27,2025-01-08T22:00:00Z
19:05,492,1192,01d,Cielo Claro,27,2025-01-08T22:05:00Z
19:10,502,2228,04d,Nubes,27,2025-01-08T22:10:00Z
19:15,502,2228,04d,Nubes,27,2025-01-08T22:15:00Z
19:20,502,2228,01d,Cielo Claro,27,2025-01-08T22:20:00Z
19:25,505,674,01d,Cielo Claro,27,2025-01-08T22:25:00Z
19:30,505,674,01d,Cielo Claro,27,2025-01-08T22:30:00Z
19:35,505,674,01d,Cielo Claro,27,2025-01-08T22:35:00Z
19:40,532,3719,01d,Cielo Claro,27,2025-01-08T22:40:00Z
19:45,532,3719,01d,Cielo Claro,26,2025-01-08T22:45:00Z
19:50,532,3719,01d,Cielo Claro,26,2025-01-08T22:50:00Z
19:55,131,983,01d,Cielo Claro,26,2025-01-08T22:55:00Z
20:00,131,983,01d,Cielo Claro,26,2025-01-08T23:00:00Z
20:05,131,983,01d,Cielo Claro,26,2025-01-08T23:05:00Z
20:10,463,98,04d,Nubes,25,2025-01-08T23:10:00Z
20:15,463,98,04d,Nubes,25,2025-01-08T23:15:00Z
20:20,463,98,01n,Cielo Claro,26,2025-01-08T23:20:00Z
20:25,465,764,01n,Cielo Claro,26,2025-01-08T23:25:00Z
20:30,465,764,01n,Cielo Claro,25,2025-01-08T23:30:00Z
20:35,465,764,01n,Cielo Claro,25,2025-01-08T23:35:00Z
20:40,466,150,01n,Cielo Claro,25,2025-01-08T23:40:00Z
20:45,466,150,01n,Cielo Claro,25,2025-01-08T23:45:00Z
20:50,466,150,01n,Cielo Claro,25,2025-01-08T23:50:00Z
20:55,466,150,01n,Cielo Claro,25,2025-01-08T23:55:00Z
21:00,466,150,01n,Cielo Claro,25,2025-01-09T00:00:00Z
21:05,466,150,01n,Cielo Claro,25,2025-01-09T00:05:00Z
21:10,482,133,01n,Cielo Claro,25,2025-01-09T00:10:00Z
21:15,482,133,01n,Cielo Claro,25,2025-01-09T00:15:00Z
21:20,482,133,01n,Cielo Claro,24,2025-01-09T00:20:00Z
21:25,483,637,01n,Cielo Claro,24,2025-01-09T00:25:00Z
21:30,483,637,01n,Cielo Claro,24,2025-01-09T00:30:00Z
21:35,483,637,01n,Cielo Claro,24,2025-01-09T00:35:00Z
21:40,483,601,01n,Cielo Claro,24,2025-01-09T00:40:00Z
21:45,483,601,01n,Cielo Claro,24,2025-01-09T00:45:00Z
21:50,483,601,01n,Cielo Claro,24,2025-01-09T00:50:00Z
21:55,483,601,01n,Cielo Claro,24,2025-01-09T00:55:00Z
22:00,118,576,01n,Cielo Claro,24,2025-01-09T01:00:00Z
22:05,118,576,01n,Cielo Claro,24,2025-01-09T01:05:00Z
22:10,118,576,03n,Nubes Dispersas,24,2025-01-09T01:10:00Z
22:15,118,556,03n,Nubes Dispersas,24,2025-01-09T01:15:00Z
22:20,118,556,03n,Nubes Dispersas,24,2025-01-09T01:20:00Z
22:25,118,556,01n,Cielo Claro,24,2025-01-09T01:25:00Z
22:30,118,555,01n,Cielo Claro,24,2025-01-09T01:30:00Z
22:35,118,555,01n,Cielo Claro,24,2025-01-09T01:35:00Z
22:40,118,555,01n,Cielo Claro,24,2025-01-09T01:40:00Z
22:45,75,54,01n,Cielo Claro,24,2025-01-09T01:45:00Z
22:50,75,54,01n,Cielo Claro,24,2025-01-09T01:50:00Z
22:55,75,54,01n,Cielo Claro,24,2025-01-09T01:55:00Z
23:00,75,77,01n,Cielo Claro,24,2025-01-09T02:00:00Z
23:05,75,77,01n,Cielo Claro,24,2025-01-09T02:05:00Z
23:10,75,77,01n,Cielo Claro,24,2025-01-09T02:10:00Z
23:15,75,102,04n,Muy Nuboso,24,2025-01-09T02:15:00Z
23:20,75,102,01n,Cielo Claro,24,2025-01-09T02:20:00Z
23:25,75,102,01n,Cielo Claro,24,2025-01-09T02:25:00Z
23:30,75,98,01n,Cielo Claro,24,2025-01-09T02:30:00Z
23:35,75,98,01n,Cielo Claro,24,2025-01-09T02:35:00Z
23:40,75,98,01n,Cielo Claro,24,2025-01-09T02:40:00Z
23:45,75,3157,01n,Cielo Claro,24,2025-01-09T02:45:00Z
23:50,75,3157,01n,Cielo Claro,24,2025-01-09T02:50:00Z
23:55,75,3157,01n,Cielo Claro,24,2025-01-09T02:55:00Z
00:00,75,3157,01n,Cielo Claro,24,2025-01-09T03:00:00Z
00:05,76,379,01n,Cielo Claro,24,2025-01-09T03:05:00Z
00:10,76,379,04n,Muy Nuboso,24,2025-01-09T03:10:00Z
00:15,76,379,04n,Muy Nuboso,24,2025-01-09T03:15:00Z
00:20,73,379,01n,Cielo Claro,24,2025-01-09T03:20:00Z
00:25,73,379,01n,Cielo Claro,24,2025-01-09T03:25:00Z
00:30,73,379,01n,Cielo Claro,24,2025-01-09T03:30:00Z
00:35,91,380,01n,Cielo Claro,24,2025-01-09T03:35:00Z
00:40,91,380,01n,Cielo Claro,24,2025-01-09T03:40:00Z
00:45,91,380,01n,Cielo Claro,24,2025-01-09T03:45:00Z
00:50,91,380,01n,Cielo Claro,24,2025-01-09T03:50:00Z
00:55,91,380,01n,Cielo Claro,24,2025-01-09T03:55:00Z
01:00,91,380,01n,Cielo Claro,24,2025-01-09T04:00:00Z
01:05,94,659,01n,Cielo Claro,24,2025-01-09T04:05:00Z
01:10,94,659,04n,Muy Nuboso,24,2025-01-09T04:10:00Z
01:15,94,659,01n,Cielo Claro,24,2025-01-09T04:15:00Z
01:20,340,659,01n,Cielo Claro,24,2025-01-09T04:20:00Z
01:25,340,659,01n,Cielo Claro,24,2025-01-09T04:25:00Z
01:30,340,659,01n,Cielo Claro,24,2025-01-09T04:30:00Z
01:35,342,659,01n,Cielo Claro,24,2025-01-09T04:35:00Z
01:40,342,659,01n,Cielo Claro,24,2025-01-09T04:40:00Z
01:45,342,659,01n,Cielo Claro,24,2025-01-09T04:45:00Z
01:50,329,659,01n,Cielo Claro,24,2025-01-09T04:50:00Z
01:55,329,659,01n,Cielo Claro,24,2025-01-09T04:55:00Z
02:00,329,659,01n,Cielo Claro,24,2025-01-09T05:00:00Z
02:05,338,659,01n,Cielo Claro,24,2025-01-09T05:05:00Z
02:10,338,659,01n,Cielo Claro,24,2025-01-09T05:10:00Z
02:15,338,659,04n,Nubes,23,2025-01-09T05:15:00Z
02:20,338,659,04n,Nubes,23,2025-01-09T05:20:00Z
02:25,3789,659,01n,Cielo Claro,23,2025-01-09T05:25:00Z
02:30,3789,659,01n,Cielo Claro,23,2025-01-09T05:30:00Z
02:35,3789,659,01n,Cielo Claro,23,2025-01-09T05:35:00Z
02:40,3798,670,01n,Cielo Claro,23,2025-01-09T05:40:00Z
02:45,3798,670,01n,Cielo Claro,23,2025-01-09T05:45:00Z
02:50,3798,670,01n,Cielo Claro,23,2025-01-09T05:50:00Z
02:55,3801,669,01n,Cielo Claro,23,2025-01-09T05:55:00Z
03:00,3801,669,01n,Cielo Claro,23,2025-01-09T06:00:00Z
03:05,3801,669,01n,Cielo Claro,23,2025-01-09T06:05:00Z
03:10,1039,669,01n,Cielo Claro,23,2025-01-09T06:10:00Z
03:15,1039,669,04n,Nubes,23,2025-01-09T06:15:00Z
03:20,1039,669,01n,Cielo Claro,24,2025-01-09T06:20:00Z
03:25,1039,669,01n,Cielo Claro,24,2025-01-09T06:25:00Z
03:30,1039,669,01n,Cielo Claro,23,2025-01-09T06:30:00Z
03:35,1039,669,01n,Cielo Claro,23,2025-01-09T06:35:00Z
03:40,1039,658,01n,Cielo Claro,23,2025-01-09T06:40:00Z
03:45,1039,658,01n,Cielo Claro,23,2025-01-09T06:45:00Z
03:50,1039,658,01n,Cielo Claro,23,2025-01-09T06:50:00Z
03:55,1526,369,01n,Cielo Claro,23,2025-01-09T06:55:00Z
04:00,1526,369,01n,Cielo Claro,23,2025-01-09T07:00:00Z
04:05,1526,369,01n,Cielo Claro,23,2025-01-09T07:05:00Z
04:10,1526,369,04n,Nubes,23,2025-01-09T07:10:00Z
04:15,1526,369,01n,Cielo Claro,23,2025-01-09T07:15:00Z
04:20,1526,369,01n,Cielo Claro,23,2025-01-09T07:20:00Z
04:25,1105,89,01n,Cielo Claro,23,2025-01-09T07:25:00Z
04:30,1105,89,01n,Cielo Claro,23,2025-01-09T07:30:00Z
04:35,1105,89,01n,Cielo Claro,23,2025-01-09T07:35:00Z
04:40,1106,89,01n,Cielo Claro,22,2025-01-09T07:40:00Z
04:45,1106,89,01n,Cielo Claro,22,2025-01-09T07:45:00Z
04:50,1106,89,01n,Cielo Claro,22,2025-01-09T07:50:00Z
04:55,1107,85,01n,Cielo Claro,22,2025-01-09T07:55:00Z
05:00,1107,85,01n,Cielo Claro,22,2025-01-09T08:00:00Z
05:05,1107,85,01n,Cielo Claro,22,2025-01-09T08:05:00Z
05:10,1104,51,01n,Cielo Claro,22,2025-01-09T08:10:00Z
05:15,1104,51,01n,Cielo Claro,22,2025-01-09T08:15:00Z
05:20,1104,51,01n,Cielo Claro,22,2025-01-09T08:20:00Z
05:25,1104,51,01n,Cielo Claro,22,2025-01-09T08:25:00Z
05:30,1105,55,01n,Cielo Claro,22,2025-01-09T08:30:00Z
05:35,1105,55,01n,Cielo Claro,22,2025-01-09T08:35:00Z
05:40,1105,55,01n,Cielo Claro,22,2025-01-09T08:40:00Z
05:45,1090,54,01n,Cielo Claro,22,2025-01-09T08:45:00Z
05:50,1090,54,01n,Cielo Claro,22,2025-01-09T08:50:00Z
05:55,1090,54,01d,Cielo Claro,21,2025-01-09T08:55:00Z
06:00,2235,55,01d,Cielo Claro,21,2025-01-09T09:00:00Z
06:05,2235,55,01d,Cielo Claro,21,2025-01-09T09:05:00Z
06:10,2235,55,04d,Nubes,21,2025-01-09T09:10:00Z
06:15,2240,56,04d,Nubes,21,2025-01-09T09:15:00Z
06:20,2240,56,01d,Cielo Claro,21,2025-01-09T09:20:00Z
06:25,2240,56,01d,Cielo Claro,21,2025-01-09T09:25:00Z
06:30,1788,58,01d,Cielo Claro,21,2025-01-09T09:30:00Z
06:35,1788,58,01d,Cielo Claro,21,2025-01-09T09:35:00Z
06:40,1788,58,01d,Cielo Claro,21,2025-01-09T09:40:00Z
06:45,1789,58,01d,Cielo Claro,21,2025-01-09T09:45:00Z
06:50,1789,58,01d,Cielo Claro,21,2025-01-09T09:50:00Z
06:55,1789,58,01d,Cielo Claro,21,2025-01-09T09:55:00Z
07:00,1774,1608,01d,Cielo Claro,21,2025-01-09T10:00:00Z
07:05,1774,1608,01d,Cielo Claro,21,2025-01-09T10:05:00Z
07:10,1774,1608,04d,Nubes,20,2025-01-09T10:10:00Z
07:15,1779,5787,04d,Nubes,20,2025-01-09T10:15:00Z
07:20,1779,5787,04d,Nubes,20,2025-01-09T10:20:00Z
07:25,1779,5787,01d,Cielo Claro,21,2025-01-09T10:25:00Z
07:30,1785,3416,01d,Cielo Claro,21,2025-01-09T10:30:00Z
07:35,1785,3416,01d,Cielo Claro,21,2025-01-09T10:35:00Z
07:40,1785,3416,01d,Cielo Claro,21,2025-01-09T10:40:00Z
07:45,1523,3641,01d,Cielo Claro,21,2025-01-09T10:45:00Z
07:50,1523,3641,01d,Cielo Claro,21,2025-01-09T10:50:00Z
07:55,1523,3641,01d,Cielo Claro,21,2025-01-09T10:55:00Z
08:00,1532,3922,01d,Cielo Claro,21,2025-01-09T11:00:00Z
08:05,1532,3922,01d,Cielo Claro,21,2025-01-09T11:05:00Z
08:10,1532,3922,01d,Cielo Claro,21,2025-01-09T11:10:00Z
08:15,1532,3922,04d,Muy Nuboso,21,2025-01-09T11:15:00Z
08:20,1515,3922,04d,Muy Nuboso,21,2025-01-09T11:20:00Z
08:25,1515,3922,01d,Cielo Claro,22,2025-01-09T11:25:00Z
08:30,1515,3922,01d,Cielo Claro,22,2025-01-09T11:30:00Z
08:35,1769,2147,01d,Cielo Claro,22,2025-01-09T11:35:00Z
08:40,1769,2147,01d,Cielo Claro,22,2025-01-09T11:40:00Z
08:45,1769,2147,01d,Cielo Claro,23,2025-01-09T11:45:00Z
08:50,664,3074,01d,Cielo Claro,23,2025-01-09T11:50:00Z
08:55,664,3074,01d,Cielo Claro,23,2025-01-09T11:55:00Z
09:00,664,3074,01d,Cielo Claro,23,2025-01-09T12:00:00Z
09:05,663,3065,01d,Cielo Claro,23,2025-01-09T12:05:00Z
09:10,663,3065,01d,Cielo Claro,23,2025-01-09T12:10:00Z
09:15,663,3065,04d,Muy Nuboso,23,2025-01-09T12:15:00Z
09:20,666,3348,01d,Cielo Claro,24,2025-01-09T12:20:00Z
09:25,666,3348,01d,Cielo Claro,24,2025-01-09T12:25:00Z
09:30,666,3348,01d,Cielo Claro,24,2025-01-09T12:30:00Z
09:35,680,3359,01d,Cielo Claro,24,2025-01-09T12:35:00Z
09:40,680,3359,01d,Cielo Claro,24,2025-01-09T12:40:00Z
09:45,680,3359,01d,Cielo Claro,24,2025-01-09T12:45:00Z
09:50,692,3359,01d,Cielo Claro,24,2025-01-09T12:50:00Z
09:55,692,3359,01d,Cielo Claro,24,2025-01-09T12:55:00Z
10:00,692,3359,01d,Cielo Claro,24,2025-01-09T13:00:00Z
10:05,696,3485,01d,Cielo Claro,24,2025-01-09T13:05:00Z
10:10,696,3485,01d,Cielo Claro,26,2025-01-09T13:10:00Z
10:15,696,3485,01d,Cielo Claro,26,2025-01-09T13:15:00Z
10:20,688,2736,01d,Cielo Claro,26,2025-01-09T13:20:00Z
10:25,688,2736,01d,Cielo Claro,26,2025-01-09T13:25:00Z
10:30,688,2736,01d,Cielo Claro,26,2025-01-09T13:30:00Z
10:35,695,2727,01d,Cielo Claro,26,2025-01-09T13:35:00Z
10:40,695,2727,01d,Cielo Claro,26,2025-01-09T13:40:00Z
10:45,695,2727,01d,Cielo Claro,27,2025-01-09T13:45:00Z
10:50,269,9014,01d,Cielo Claro,27,2025-01-09T13:50:00Z
10:55,269,9014,01d,Cielo Claro,27,2025-01-09T13:55:00Z
11:00,269,9014,01d,Cielo Claro,27,2025-01-09T14:00:00Z
11:05,818,8737,01d,Cielo Claro,27,2025-01-09T14:05:00Z
11:10,818,8737,01d,Cielo Claro,27,2025-01-09T14:10:00Z
11:15,818,8737,01d,Cielo Claro,28,2025-01-09T14:15:00Z
11:20,818,8737,01d,Cielo Claro,28,2025-01-09T14:20:00Z
11:25,818,3907,01d,Cielo Claro,28,2025-01-09T14:25:00Z
11:30,818,3907,01d,Cielo Claro,28,2025-01-09T14:30:00Z
11:35,818,3907,01d,Cielo Claro,28,2025-01-09T14:35:00Z
11:40,833,3917,01d,Cielo Claro,28,2025-01-09T14:40:00Z
11:45,833,3917,01d,Cielo Claro,28,2025-01-09T14:45:00Z
11:50,833,3917,01d,Cielo Claro,28,2025-01-09T14:50:00Z
11:55,835,2764,01d,Cielo Claro,28,2025-01-09T14:55:00Z
12:00,835,2764,01d,Cielo Claro,28,2025-01-09T15:00:00Z
12:05,835,2764,01d,Cielo Claro,28,2025-01-09T15:05:00Z
12:10,841,7175,01d,Cielo Claro,28,2025-01-09T15:10:00Z
12:15,841,7175,01d,Cielo Claro,28,2025-01-09T15:15:00Z
12:20,841,7175,01d,Cielo Claro,28,2025-01-09T15:20:00Z
12:25,832,2609,01d,Cielo Claro,29,2025-01-09T15:25:00Z
12:30,832,2609,01d,Cielo Claro,29,2025-01-09T15:30:00Z
12:35,832,2609,01d,Cielo Claro,29,2025-01-09T15:35:00Z
12:40,850,2609,01d,Cielo Claro,29,2025-01-09T15:40:00Z
12:45,850,2609,01d,Cielo Claro,29,2025-01-09T15:45:00Z
12:50,850,2609,01d,Cielo Claro,30,2025-01-09T15:50:00Z
12:55,759,2327,01d,Cielo Claro,30,2025-01-09T15:55:00Z
13:00,759,2327,01d,Cielo Claro,29,2025-01-09T16:00:00Z
13:05,759,2327,01d,Cielo Claro,30,2025-01-09T16:05:00Z
13:10,672,2335,01d,Cielo Claro,30,2025-01-09T16:10:00Z
13:15,672,2335,01d,Cielo Claro,30,2025-01-09T16:15:00Z
13:20,672,2335,01d,Cielo Claro,30,2025-01-09T16:20:00Z
13:25,1050,2351,01d,Cielo Claro,30,2025-01-09T16:25:00Z
13:30,1050,2351,01d,Cielo Claro,30,2025-01-09T16:30:00Z
13:35,1050,2351,01d,Cielo Claro,30,2025-01-09T16:35:00Z
13:40,1050,2351,01d,Cielo Claro,30,2025-01-09T16:40:00Z
13:45,1021,2353,01d,Cielo Claro,30,2025-01-09T16:45:00Z
13:50,1021,2353,01d,Cielo Claro,31,2025-01-09T16:50:00Z
13:55,1021,2353,01d,Cielo Claro,30,2025-01-09T16:55:00Z
14:00,1052,2338,01d,Cielo Claro,30,2025-01-09T17:00:00Z
14:05,1052,2338,01d,Cielo Claro,31,2025-01-09T17:05:00Z
14:10,1052,2338,01d,Cielo Claro,30,2025-01-09T17:10:00Z
14:15,1055,2319,01d,Cielo Claro,30,2025-01-09T17:15:00Z
14:20,1055,2319,01d,Cielo Claro,31,2025-01-09T17:20:00Z
14:25,1055,2319,01d,Cielo Claro,31,2025-01-09T17:25:00Z
14:30,1061,2285,01d,Cielo Claro,31,2025-01-09T17:30:00Z
14:35,1061,2285,01d,Cielo Claro,31,2025-01-09T17:35:00Z
14:40,1061,2285,01d,Cielo Claro,31,2025-01-09T17:40:00Z
14:45,1058,1477,01d,Cielo Claro,31,2025-01-09T17:45:00Z
14:50,1058,1477,01d,Cielo Claro,31,2025-01-09T17:50:00Z
14:55,1058,1477,01d,Cielo Claro,31,2025-01-09T17:55:00Z
15:00,1069,1506,01d,Cielo Claro,31,2025-01-09T18:00:00Z
15:05,1069,1506,01d,Cielo Claro,31,2025-01-09T18:05:00Z
15:10,1069,1506,01d,Cielo Claro,31,2025-01-09T18:10:00Z
15:15,1041,1506,01d,Cielo Claro,31,2025-01-09T18:15:00Z
15:20,1041,1506,01d,Cielo Claro,31,2025-01-09T18:20:00Z
15:25,1041,1506,01d,Cielo Claro,31,2025-01-09T18:25:00Z
15:30,1041,1506,01d,Cielo Claro,31,2025-01-09T18:30:00Z
15:35,3190,1441,01d,Cielo Claro,31,2025-01-09T18:35:00Z
15:40,3190,1441,01d,Cielo Claro,31,2025-01-09T18:40:00Z
15:45,3190,1441,01d,Cielo Claro,31,2025-01-09T18:45:00Z
15:50,3192,978,01d,Cielo Claro,31,2025-01-09T18:50:00Z
15:55,3192,978,01d,Cielo Claro,31,2025-01-09T18:55:00Z
16:00,3192,978,01d,Cielo Claro,31,2025-01-09T19:00:00Z
16:05,1071,986,01d,Cielo Claro,31,2025-01-09T19:05:00Z
16:10,1071,986,01d,Cielo Claro,31,2025-01-09T19:10:00Z
16:15,1071,986,01d,Cielo Claro,31,2025-01-09T19:15:00Z
16:20,2669,986,01d,Cielo Claro,31,2025-01-09T19:20:00Z
16:25,2669,986,01d,Cielo Claro,31,2025-01-09T19:25:00Z
16:30,2669,986,01d,Cielo Claro,31,2025-01-09T19:30:00Z
16:35,3256,914,01d,Cielo Claro,31,2025-01-09T19:35:00Z
16:40,3256,914,01d,Cielo Claro,31,2025-01-09T19:40:00Z
16:45,3256,914,01d,Cielo Claro,31,2025-01-09T19:45:00Z
16:50,3262,919,01d,Cielo Claro,31,2025-01-09T19:50:00Z
16:55,3262,919,01d,Cielo Claro,31,2025-01-09T19:55:00Z
17:00,3262,919,01d,Cielo Claro,31,2025-01-09T20:00:00Z
17:05,5274,913,01d,Cielo Claro,31,2025-01-09T20:05:00Z
17:10,5274,913,01d,Cielo Claro,31,2025-01-09T20:10:00Z
17:15,5274,913,01d,Cielo Claro,31,2025-01-09T20:15:00Z
17:20,5274,913,01d,Cielo Claro,31,2025-01-09T20:20:00Z
17:25,6045,83,01d,Cielo Claro,31,2025-01-09T20:25:00Z
17:30,6045,83,01d,Cielo Claro,31,2025-01-09T20:30:00Z
17:35,6045,83,01d,Cielo Claro,31,2025-01-09T20:35:00Z
17:40,5218,131,01d,Cielo Claro,30,2025-01-09T20:40:00Z
17:45,5218,131,01d,Cielo Claro,30,2025-01-09T20:45:00Z
17:50,5218,131,01d,Cielo Claro,30,2025-01-09T20:50:00Z
17:55,5339,143,01d,Cielo Claro,30,2025-01-09T20:55:00Z
18:00,5339,143,01d,Cielo Claro,30,2025-01-09T21:00:00Z
18:05,5339,143,01d,Cielo Claro,30,2025-01-09T21:05:00Z
18:10,5364,155,01d,Cielo Claro,30,2025-01-09T21:10:00Z
18:15,5364,155,01d,Cielo Claro,30,2025-01-09T21:15:00Z
18:20,5364,155,01d,Cielo Claro,30,2025-01-09T21:20:00Z
18:25,5380,4994,01d,Cielo Claro,30,2025-01-09T21:25:00Z
18:30,5380,4994,01d,Cielo Claro,30,2025-01-09T21:30:00Z
18:35,5380,4994,01d,Cielo Claro,30,2025-01-09T21:35:00Z
18:40,5365,1427,01d,Cielo Claro,30,2025-01-09T21:40:00Z
18:45,5365,1427,01d,Cielo Claro,29,2025-01-09T21:45:00Z
18:50,5365,1427,01d,Cielo Claro,29,2025-01-09T21:50:00Z
18:55,3145,1433,01d,Cielo Claro,29,2025-01-09T21:55:00Z
19:00,3145,1433,01d,Cielo Claro,29,2025-01-09T22:00:00Z
19:05,3145,1433,01d,Cielo Claro,29,2025-01-09T22:05:00Z
19:10,3176,1433,01d,Cielo Claro,29,2025-01-09T22:10:00Z
19:15,3176,1433,01d,Cielo Claro,28,2025-01-09T22:15:00Z
19:20,3176,1433,01d,Cielo Claro,28,2025-01-09T22:20:00Z
19:25,3195,1433,01d,Cielo Claro,28,2025-01-09T22:25:00Z
19:30,3195,1433,01d,Cielo Claro,28,2025-01-09T22:30:00Z
19:35,3195,1433,01d,Cielo Claro,27,2025-01-09T22:35:00Z
19:40,2361,187,01d,Cielo Claro,27,2025-01-09T22:40:00Z
19:45,2361,187,01d,Cielo Claro,27,2025-01-09T22:45:00Z
19:50,2361,187,01d,Cielo Claro,27,2025-01-09T22:50:00Z
19:55,2066,146,01d,Cielo Claro,27,2025-01-09T22:55:00Z
20:00,2066,146,01d,Cielo Claro,27,2025-01-09T23:00:00Z
20:05,2066,146,01d,Cielo Claro,27,2025-01-09T23:05:00Z
20:10,2066,146,01d,Cielo Claro,27,2025-01-09T23:10:00Z
20:15,1986,136,01n,Cielo Claro,27,2025-01-09T23:15:00Z
20:20,1986,136,01n,Cielo Claro,27,2025-01-09T23:20:00Z
20:25,1986,136,01n,Cielo Claro,26,2025-01-09T23:25:00Z
20:30,1595,2693,01n,Cielo Claro,26,2025-01-09T23:30:00Z
20:35,1595,2693,01n,Cielo Claro,26,2025-01-09T23:35:00Z
20:40,1595,2693,01n,Cielo Claro,26,2025-01-09T23:40:00Z
20:45,1604,2713,01n,Cielo Claro,26,2025-01-09T23:45:00Z
20:50,1604,2713,01n,Cielo Claro,26,2025-01-09T23:50:00Z
20:55,1604,2713,01n,Cielo Claro,26,2025-01-09T23:55:00Z
21:00,1548,2536,01n,Cielo Claro,26,2025-01-10T00:00:00Z
21:05,1548,2536,01n,Cielo Claro,26,2025-01-10T00:05:00Z
21:10,1548,2536,01n,Cielo Claro,25,2025-01-10T00:10:00Z
21:15,1571,4197,01n,Cielo Claro,25,2025-01-10T00:15:00Z
21:20,1571,4197,01n,Cielo Claro,25,2025-01-10T00:20:00Z
21:25,1571,4197,01n,Cielo Claro,25,2025-01-10T00:25:00Z
21:30,1488,218,01n,Cielo Claro,25,2025-01-10T00:30:00Z
21:35,1488,218,01n,Cielo Claro,25,2025-01-10T00:35:00Z
21:40,1488,218,01n,Cielo Claro,25,2025-01-10T00:40:00Z
21:45,773,218,01n,Cielo Claro,25,2025-01-10T00:45:00Z
21:50,773,218,01n,Cielo Claro,25,2025-01-10T00:50:00Z
21:55,773,218,01n,Cielo Claro,25,2025-01-10T00:55:00Z
22:00,2762,137,01n,Cielo Claro,25,2025-01-10T01:00:00Z
22:05,2762,137,01n,Cielo Claro,25,2025-01-10T01:05:00Z
22:10,2762,137,01n,Cielo Claro,25,2025-01-10T01:10:00Z
22:15,2561,1643,01n,Cielo Claro,25,2025-01-10T01:15:00Z
22:20,2561,1643,01n,Cielo Claro,25,2025-01-10T01:20:00Z
22:25,2561,1643,01n,Cielo Claro,25,2025-01-10T01:25:00Z
22:30,3717,116,01n,Cielo Claro,25,2025-01-10T01:30:00Z
22:35,3717,116,01n,Cielo Claro,24,2025-01-10T01:35:00Z
22:40,3717,116,01n,Cielo Claro,24,2025-01-10T01:40:00Z
22:45,3717,116,01n,Cielo Claro,24,2025-01-10T01:45:00Z
22:50,2498,102,01n,Cielo Claro,24,2025-01-10T01:50:00Z
22:55,2498,102,01n,Cielo Claro,24,2025-01-10T01:55:00Z
23:00,2498,102,01n,Cielo Claro,24,2025-01-10T02:00:00Z
23:05,1480,1071,01n,Cielo Claro,24,2025-01-10T02:05:00Z
23:10,1480,1071,01n,Cielo Claro,24,2025-01-10T02:10:00Z
23:15,1480,1071,01n,Cielo Claro,24,2025-01-10T02:15:00Z
23:20,1480,4901,01n,Cielo Claro,24,2025-01-10T02:20:00Z
23:25,1480,4901,01n,Cielo Claro,24,2025-01-10T02:25:00Z
23:30,1480,4901,01n,Cielo Claro,24,2025-01-10T02:30:00Z
23:35,443,2027,01n,Cielo Claro,24,2025-01-10T02:35:00Z
23:40,443,2027,01n,Cielo Claro,24,2025-01-10T02:40:00Z
23:45,443,2027,01n,Cielo Claro,24,2025-01-10T02:45:00Z
23:50,57,2041,01n,Cielo Claro,24,2025-01-10T02:50:00Z
23:55,57,2041,01n,Cielo Claro,24,2025-01-10T02:55:00Z
00:00,57,2041,01n,Cielo Claro,24,2025-01-10T03:00:00Z
00:05,57,120,01n,Cielo Claro,24,2025-01-10T03:05:00Z
00:10,57,120,01n,Cielo Claro,24,2025-01-10T03:10:00Z
00:15,57,120,01n,Cielo Claro,24,2025-01-10T03:15:00Z
00:20,57,121,01n,Cielo Claro,24,2025-01-10T03:20:00Z
00:25,57,121,01n,Cielo Claro,24,2025-01-10T03:25:00Z
00:30,57,121,01n,Cielo Claro,24,2025-01-10T03:30:00Z
00:35,1429,128,01n,Cielo Claro,24,2025-01-10T03:35:00Z
00:40,1429,128,01n,Cielo Claro,24,2025-01-10T03:40:00Z
00:45,1429,128,01n,Cielo Claro,24,2025-01-10T03:45:00Z
00:50,1429,128,01n,Cielo Claro,24,2025-01-10T03:50:00Z
00:55,1430,128,01n,Cielo Claro,24,2025-01-10T03:55:00Z
01:00,1430,128,01n,Cielo Claro,24,2025-01-10T04:00:00Z
01:05,1430,128,01n,Cielo Claro,24,2025-01-10T04:05:00Z
01:10,1430,128,01n,Cielo Claro,24,2025-01-10T04:10:00Z
01:15,1430,128,01n,Cielo Claro,24,2025-01-10T04:15:00Z
01:20,1430,128,01n,Cielo Claro,24,2025-01-10T04:20:00Z
01:25,1425,93,01n,Cielo Claro,24,2025-01-10T04:25:00Z
01:30,1425,93,01n,Cielo Claro,24,2025-01-10T04:30:00Z
01:35,1425,93,01n,Cielo Claro,24,2025-01-10T04:35:00Z
01:40,1414,93,01n,Cielo Claro,24,2025-01-10T04:40:00Z
01:45,1414,93,01n,Cielo Claro,24,2025-01-10T04:45:00Z
01:50,1414,93,01n,Cielo Claro,24,2025-01-10T04:50:00Z
01:55,512,93,01n,Cielo Claro,24,2025-01-10T04:55:00Z
02:00,512,93,01n,Cielo Claro,24,2025-01-10T05:00:00Z
02:05,512,93,01n,Cielo Claro,24,2025-01-10T05:05:00Z
02:10,3404,94,01n,Cielo Claro,24,2025-01-10T05:10:00Z
02:15,3404,94,01n,Cielo Claro,24,2025-01-10T05:15:00Z
02:20,3404,94,01n,Cielo Claro,24,2025-01-10T05:20:00Z
02:25,4201,53,01n,Cielo Claro,24,2025-01-10T05:25:00Z
02:30,4201,53,01n,Cielo Claro,23,2025-01-10T05:30:00Z
02:35,4201,53,01n,Cielo Claro,23,2025-01-10T05:35:00Z
02:40,1871,173,01n,Cielo Claro,23,2025-01-10T05:40:00Z
02:45,1871,173,01n,Cielo Claro,23,2025-01-10T05:45:00Z
02:50,1871,173,01n,Cielo Claro,23,2025-01-10T05:50:00Z
02:55,1385,53,01n,Cielo Claro,23,2025-01-10T05:55:00Z
03:00,1385,53,01n,Cielo Claro,23,2025-01-10T06:00:00Z
03:05,1385,53,01n,Cielo Claro,23,2025-01-10T06:05:00Z
03:10,1385,53,02n,Algo De Nubes,23,2025-01-10T06:10:00Z
03:15,1385,53,01n,Cielo Claro,23,2025-01-10T06:15:00Z
03:20,1385,53,01n,Cielo Claro,23,2025-01-10T06:20:00Z
03:25,1385,53,01n,Cielo Claro,23,2025-01-10T06:25:00Z
03:30,853,52,01n,Cielo Claro,23,2025-01-10T06:30:00Z
03:35,853,52,01n,Cielo Claro,23,2025-01-10T06:35:00Z
03:40,853,52,01n,Cielo Claro,23,2025-01-10T06:40:00Z
03:45,853,52,01n,Cielo Claro,23,2025-01-10T06:45:00Z
03:50,853,52,01n,Cielo Claro,23,2025-01-10T06:50:00Z
03:55,853,52,01n,Cielo Claro,23,2025-01-10T06:55:00Z
04:00,56,45,01n,Cielo Claro,23,2025-01-10T07:00:00Z
04:05,56,45,01n,Cielo Claro,23,2025-01-10T07:05:00Z
04:10,56,45,04n,Nubes,23,2025-01-10T07:10:00Z
04:15,4292,45,04n,Nubes,23,2025-01-10T07:15:00Z
04:20,4292,45,01n,Cielo Claro,23,2025-01-10T07:20:00Z
04:25,4292,45,01n,Cielo Claro,23,2025-01-10T07:25:00Z
04:30,2472,45,01n,Cielo Claro,23,2025-01-10T07:30:00Z
04:35,2472,45,01n,Cielo Claro,23,2025-01-10T07:35:00Z
04:40,2472,45,01n,Cielo Claro,23,2025-01-10T07:40:00Z
04:45,1255,45,01n,Cielo Claro,23,2025-01-10T07:45:00Z
04:50,1255,45,01n,Cielo Claro,23,2025-01-10T07:50:00Z
04:55,1255,45,01n,Cielo Claro,23,2025-01-10T07:55:00Z
05:00,265,667,01n,Cielo Claro,22,2025-01-10T08:00:00Z
05:05,265,667,01n,Cielo Claro,22,2025-01-10T08:05:00Z
05:10,265,667,01n,Cielo Claro,22,2025-01-10T08:10:00Z
05:15,268,668,03n,Nubes Dispersas,22,2025-01-10T08:15:00Z
05:20,268,668,01n,Cielo Claro,22,2025-01-10T08:20:00Z
05:25,268,668,01n,Cielo Claro,22,2025-01-10T08:25:00Z
05:30,957,849,01n,Cielo Claro,22,2025-01-10T08:30:00Z
05:35,957,849,01n,Cielo Claro,22,2025-01-10T08:35:00Z
05:40,957,849,01n,Cielo Claro,22,2025-01-10T08:40:00Z
05:45,957,855,01n,Cielo Claro,22,2025-01-10T08:45:00Z
05:50,957,855,01n,Cielo Claro,22,2025-01-10T08:50:00Z
05:55,957,855,01n,Cielo Claro,22,2025-01-10T08:55:00Z
06:00,957,855,01d,Cielo Claro,22,2025-01-10T09:00:00Z
06:05,134,848,01d,Cielo Claro,22,2025-01-10T09:05:00Z
06:10,134,848,01d,Cielo Claro,22,2025-01-10T09:10:00Z
06:15,134,848,03d,Nubes Dispersas,21,2025-01-10T09:15:00Z
06:20,147,667,01d,Cielo Claro,21,2025-01-10T09:20:00Z
06:25,147,667,01d,Cielo Claro,21,2025-01-10T09:25:00Z
06:30,147,667,01d,Cielo Claro,21,2025-01-10T09:30:00Z
06:35,153,46,01d,Cielo Claro,21,2025-01-10T09:35:00Z
06:40,153,46,01d,Cielo Claro,21,2025-01-10T09:40:00Z
06:45,153,46,01d,Cielo Claro,21,2025-01-10T09:45:00Z
06:50,154,46,01d,Cielo Claro,22,2025-01-10T09:50:00Z
06:55,154,46,01d,Cielo Claro,22,2025-01-10T09:55:00Z
07:00,154,46,01d,Cielo Claro,22,2025-01-10T10:00:00Z
07:05,157,46,01d,Cielo Claro,22,2025-01-10T10:05:00Z
07:10,157,46,01d,Cielo Claro,22,2025-01-10T10:10:00Z
07:15,157,46,04d,Muy Nuboso,24,2025-01-10T10:15:00Z
07:20,145,239,04d,Muy Nuboso,24,2025-01-10T10:20:00Z
07:25,145,239,01d,Cielo Claro,22,2025-01-10T10:25:00Z
07:30,145,239,01d,Cielo Claro,22,2025-01-10T10:30:00Z
07:35,147,239,01d,Cielo Claro,22,2025-01-10T10:35:00Z
07:40,147,239,01d,Cielo Claro,23,2025-01-10T10:40:00Z
07:45,147,239,01d,Cielo Claro,23,2025-01-10T10:45:00Z
07:50,148,239,01d,Cielo Claro,23,2025-01-10T10:50:00Z
07:55,148,239,01d,Cielo Claro,23,2025-01-10T10:55:00Z
08:00,148,239,01d,Cielo Claro,23,2025-01-10T11:00:00Z
08:05,150,648,01d,Cielo Claro,23,2025-01-10T11:05:00Z
08:10,150,648,01d,Cielo Claro,23,2025-01-10T11:10:00Z
08:15,150,648,03d,Nubes Dispersas,23,2025-01-10T11:15:00Z
08:20,146,836,03d,Nubes Dispersas,23,2025-01-10T11:20:00Z
08:25,146,836,01d,Cielo Claro,23,2025-01-10T11:25:00Z
08:30,146,836,01d,Cielo Claro,23,2025-01-10T11:30:00Z
08:35,151,2308,01d,Cielo Claro,23,2025-01-10T11:35:00Z
08:40,151,2308,01d,Cielo Claro,24,2025-01-10T11:40:00Z
08:45,151,2308,01d,Cielo Claro,24,2025-01-10T11:45:00Z
08:50,151,2308,01d,Cielo Claro,24,2025-01-10T11:50:00Z
08:55,2394,3920,01d,Cielo Claro,24,2025-01-10T11:55:00Z
09:00,2394,3920,01d,Cielo Claro,24,2025-01-10T12:00:00Z
09:05,2394,3920,01d,Cielo Claro,24,2025-01-10T12:05:00Z
09:10,6168,4124,01d,Cielo Claro,24,2025-01-10T12:10:00Z
09:15,6168,4124,03d,Nubes Dispersas,24,2025-01-10T12:15:00Z
09:20,6168,4124,03d,Nubes Dispersas,24,2025-01-10T12:20:00Z
09:25,6172,5195,03d,Nubes Dispersas,24,2025-01-10T12:25:00Z
09:30,6172,5195,01d,Cielo Claro,24,2025-01-10T12:30:00Z
09:35,6172,5195,01d,Cielo Claro,24,2025-01-10T12:35:00Z
09:40,6160,3956,01d,Cielo Claro,24,2025-01-10T12:40:00Z
09:45,6160,3956,01d,Cielo Claro,24,2025-01-10T12:45:00Z
09:50,6160,3956,01d,Cielo Claro,25,2025-01-10T12:50:00Z
09:55,4704,2845,01d,Cielo Claro,25,2025-01-10T12:55:00Z
10:00,4704,2845,01d,Cielo Claro,25,2025-01-10T13:00:00Z
10:05,4704,2845,01d,Cielo Claro,25,2025-01-10T13:05:00Z
10:10,5282,3255,04d,Nubes,26,2025-01-10T13:10:00Z
10:15,5282,3255,04d,Nubes,27,2025-01-10T13:15:00Z
10:20,5282,3255,04d,Nubes,27,2025-01-10T13:20:00Z
10:25,5302,3299,01d,Cielo Claro,27,2025-01-10T13:25:00Z
10:30,5302,3299,01d,Cielo Claro,27,2025-01-10T13:30:00Z
10:35,5302,3299,01d,Cielo Claro,26,2025-01-10T13:35:00Z
10:40,5291,3165,01d,Cielo Claro,27,2025-01-10T13:40:00Z
10:45,5291,3165,01d,Cielo Claro,27,2025-01-10T13:45:00Z
10:50,5291,3165,01d,Cielo Claro,27,2025-01-10T13:50:00Z
10:55,5299,2917,01d,Cielo Claro,27,2025-01-10T13:55:00Z
11:00,5299,2917,01d,Cielo Claro,27,2025-01-10T14:00:00Z
11:05,5299,2917,01d,Cielo Claro,27,2025-01-10T14:05:00Z
11:10,1871,2989,04d,Nubes,27,2025-01-10T14:10:00Z
11:15,1871,2989,04d,Nubes,27,2025-01-10T14:15:00Z
11:20,1871,2989,04d,Nubes,27,2025-01-10T14:20:00Z
11:25,1884,3422,04d,Nubes,27,2025-01-10T14:25:00Z
11:30,1884,3422,04d,Nubes,27,2025-01-10T14:30:00Z
11:35,1884,3422,01d,Cielo Claro,27,2025-01-10T14:35:00Z
11:40,1614,3426,01d,Cielo Claro,27,2025-01-10T14:40:00Z
